language,type,script_class,best_route_ppl,joint_ppl,ratio,x_abs_pass,x_ratio_pass
en,trained,latin,2.29,,>=5x,pass,pass
es,trained,latin,2.41,,>=5x,pass,pass
pl,trained,latin,3.17,,>=5x,pass,pass
fr,trained,latin,2.41,,>=5x,pass,pass
de,trained,latin,2.88,,>=5x,pass,pass
cs,trained,latin,3.63,,>=5x,pass,pass
da,trained,latin,2.95,,>=5x,pass,pass
pt,trained,latin,2.87,,>=5x,pass,pass
fi,trained,latin,3.11,,>=5x,pass,pass
hu,trained,latin,3.11,,>=5x,pass,pass
bg,trained,cyrillic,6.24,,>=5x,pass,pass
it,trained,latin,2.98,,>=5x,pass,pass
et,trained,latin,3.43,,>=5x,pass,pass
el,trained,greek,6.47,,>=5x,pass,pass
sk,trained,latin,3.85,,>=5x,pass,pass
sv,trained,latin,3.08,,>=5x,pass,pass
ro,trained,latin,3.51,,>=5x,pass,pass
nl,trained,latin,3.10,,>=5x,pass,pass
sl,trained,latin,3.71,,>=5x,pass,pass
lt,trained,latin,4.04,,>=5x,pass,pass
lv,unseen_byte_adjacent,latin,37-51,,~1x,reject,fail
ga,unseen_byte_adjacent,latin,37-51,,~1x,reject,fail
zh,unseen_cross_script,han,417,1613.85,3.87x,reject,pass_but_inflated
ja,unseen_cross_script,kana,571,1829.97,3.21x,reject,pass_but_inflated
hi,unseen_cross_script,devanagari,732,4203.66,5.74x,reject,fail_breaches_trained_floor
iu_clean,unseen_cross_script,canadian_aboriginal_syllabics,304,,low,reject,fail_or_low
