domain	crop	chosen_width	score_8192	score_10240	score_12288	score_14336	score_16384
code	0	10240	4.222346	1.761669	3.067127	2.907419	4.364243
code	1	10240	5.990499	1.130729	2.134902	2.528188	4.160623
code	2	10240	4.276443	1.80361	3.816807	3.191955	4.275563
code	3	10240	5.332697	2.493749	4.518213	3.971129	5.139041
code	4	10240	4.94325	1.898564	3.81743	3.717391	5.003521
code	5	10240	5.278023	3.299855	5.228252	4.665684	5.321948
code	6	10240	6.335022	4.768494	6.311829	6.187683	6.821838
code	7	10240	4.836076	3.09941	5.547677	4.410708	5.355133
code	8	10240	4.964656	1.609542	5.215921	4.135896	3.884046
code	9	10240	6.096967	0.345457	0.871983	1.496841	5.84491
code	10	10240	5.373199	1.819773	3.351249	3.313228	4.860228
code	11	10240	5.222486	2.071115	4.0172	3.674664	4.732956
code	12	10240	5.410398	3.626539	5.473903	5.051178	5.774246
code	13	10240	3.65419	2.190113	3.812991	3.021743	4.378221
code	14	10240	5.589621	0.31062	0.80696	1.592883	4.650848
code	15	10240	3.503547	1.436761	2.389488	2.114778	3.727091
code	16	10240	4.392045	1.448965	2.741081	2.552176	4.005452
code	17	10240	5.246771	2.448394	3.934754	3.707841	4.888553
code	18	10240	4.48697	1.676534	4.267851	3.794346	4.615139
code	19	10240	4.937027	0.499784	1.121107	1.402091	3.984211
code	20	10240	4.758683	2.273362	4.562159	3.687183	4.871899
code	21	10240	5.496786	0.784375	1.785467	1.843894	3.886137
code	22	10240	4.778084	2.38504	4.115877	3.954697	5.06424
code	23	10240	7.130929	0.369763	0.840143	1.349465	5.48468
code	24	10240	4.814325	2.511954	4.414452	3.912822	5.266479
code	25	10240	4.862669	0.310507	0.732609	1.134037	4.117057
code	26	10240	4.233945	2.936322	4.989599	3.899431	4.653145
code	27	10240	4.95866	1.834445	4.115056	4.056026	5.518036
code	28	10240	7.119515	3.839776	5.719898	5.506386	7.013748
code	29	10240	4.198613	1.616122	2.837017	2.444244	4.393543
code	30	10240	3.918612	1.063488	1.736991	1.905186	3.832222
code	31	10240	4.964238	2.120771	4.393805	3.786467	5.006493
code	32	10240	6.401602	1.222391	1.91558	2.119804	5.304718
code	33	10240	4.972198	3.295821	5.793839	4.521389	5.364838
code	34	10240	5.697699	1.201724	2.793491	2.982975	4.690565
code	35	10240	5.450239	1.768194	2.653528	2.914702	4.151108
code	36	10240	4.952131	1.822745	3.520376	3.17666	5.014178
code	37	10240	3.590562	1.99324	3.679581	3.34676	4.313099
code	38	10240	6.771908	1.339272	2.187186	2.709231	5.108604
code	39	10240	3.40801	1.211118	2.572106	2.39396	3.788101
code	40	10240	4.597367	2.809195	4.779488	4.216035	5.109146
code	41	10240	4.202016	3.063558	5.388615	3.911373	4.753212
code	42	10240	5.188628	3.108251	5.197737	4.47982	5.409306
code	43	10240	4.076315	1.801421	3.382153	2.777203	4.217587
code	44	10240	4.547882	3.088695	5.317727	4.158253	5.071218
code	45	10240	1.431067	1.196122	2.037689	1.320452	2.992964
code	46	10240	4.681793	1.411666	3.201522	3.085495	4.306198
code	47	10240	3.271083	1.212395	2.318916	2.329567	3.751629
code	48	10240	7.19437	0.738038	1.775223	2.242986	5.768935
code	49	10240	4.252439	2.975527	5.086519	4.00491	4.835468
code	50	10240	3.95755	1.48072	2.846068	2.681017	4.456493
code	51	10240	4.938983	0.560704	1.168684	1.575471	4.412006
code	52	10240	5.100404	3.11389	4.656988	4.244297	5.317588
code	53	10240	5.814011	0.786761	1.201315	1.459334	3.773245
code	54	10240	4.526812	1.641152	3.713429	3.431333	4.656374
code	55	10240	4.954692	1.847523	3.824946	3.52422	4.817576
code	56	10240	5.381145	1.829353	3.425368	3.665659	4.720863
code	57	10240	5.800288	0.916799	1.612842	2.0595	5.103416
code	58	10240	4.69456	1.643454	3.661082	3.413712	4.698369
code	59	10240	5.075465	1.190115	2.269704	2.25873	4.058709
code	60	10240	5.171127	3.449933	5.543347	5.136639	6.561905
code	61	10240	5.019526	1.512275	3.178913	3.387474	4.714237
code	62	10240	4.304382	2.974989	5.382847	3.925884	4.863073
code	63	10240	4.229921	0.748635	1.404295	1.663087	4.150795
code	64	10240	4.093842	2.158805	3.455519	3.057339	4.525929
code	65	10240	4.784586	1.198357	2.369555	2.512	4.633446
code	66	10240	5.206123	3.184811	5.249209	4.564957	5.166399
code	67	10240	4.16137	2.419814	4.591953	3.627127	4.550348
code	68	10240	1.477405	1.394385	2.369778	1.685953	3.316673
code	69	10240	4.919713	1.21262	2.080378	2.185272	3.880311
code	70	10240	1.269149	0.949157	2.010288	1.139885	2.933958
code	71	10240	3.255197	2.237446	4.094979	3.342936	3.941484
code	72	10240	6.633139	0.824534	1.854593	2.243351	5.513272
code	73	10240	4.111777	1.240783	2.633095	2.501902	4.561794
code	74	10240	5.242659	1.991202	3.58185	3.463587	5.019394
code	75	10240	5.86241	0.186268	0.59544	1.380486	4.711121
code	76	10240	5.477588	1.085124	2.023858	2.296179	4.204823
code	77	10240	4.839826	3.052171	5.108595	4.420517	5.129578
code	78	10240	4.897096	2.103398	4.079821	3.835177	5.047432
code	79	10240	4.161163	2.970796	5.224757	3.911331	4.681061
code	80	10240	5.123505	0.681029	1.049388	1.642247	4.125293
code	81	10240	3.712627	1.989312	3.42196	3.015711	4.296347
code	82	10240	5.59829	3.286781	5.560981	4.631549	5.647049
code	83	10240	4.188365	1.488067	3.592429	2.700166	4.1177
code	84	10240	5.960848	0.817074	1.537647	1.710506	4.801426
code	85	10240	5.423933	3.808733	5.482231	4.683707	5.488344
code	86	10240	4.348525	0.982006	2.215176	2.261582	4.749491
code	87	10240	5.172602	2.69998	4.75779	4.471221	5.187542
code	88	10240	5.138588	1.602556	3.247043	3.503402	4.817243
code	89	10240	5.097459	0.667326	1.623383	1.585196	2.173873
code	90	10240	5.615023	1.393966	2.960402	2.820808	4.567238
code	91	10240	2.109138	1.785911	2.811796	2.064459	3.694275
code	92	10240	5.648025	1.925245	3.798497	3.554064	5.559384
code	93	10240	4.328622	1.712775	3.037272	3.221811	4.27864
code	94	10240	6.694348	0.465569	1.077463	1.69062	4.528946
code	95	10240	4.289207	1.709337	3.866385	3.696513	4.634656
code	96	10240	4.861969	2.197099	3.41777	3.389461	4.619606
code	97	10240	4.353141	2.005017	4.142635	3.710782	4.758568
code	98	10240	4.346618	1.447628	2.965925	3.194031	4.782264
code	99	10240	5.03915	1.589164	3.37121	3.453644	4.806364
code	100	10240	4.807175	1.716644	4.711472	3.330566	3.919907
code	101	10240	4.364897	3.001135	4.979397	4.028716	4.928864
code	102	10240	4.929298	2.143454	4.252213	3.955537	4.965641
code	103	10240	5.555203	1.386566	2.694133	3.107697	4.466878
code	104	10240	4.133648	1.158874	2.187904	2.240824	4.306797
code	105	10240	2.088382	1.035333	1.947029	1.452409	3.381049
code	106	10240	4.670821	1.573503	3.89565	3.448823	4.49397
code	107	10240	2.694817	1.993693	2.293413	2.493968	2.800652
code	108	10240	3.271083	1.212395	2.318916	2.329567	3.751629
code	109	10240	5.046391	3.253563	5.388434	4.568985	5.384933
code	110	10240	4.101336	1.379334	3.442572	2.747271	4.393909
code	111	10240	4.62194	3.023793	5.465568	4.469253	5.338385
code	112	10240	4.562069	1.673605	3.179268	3.029111	4.919592
code	113	10240	4.705424	2.008752	4.242646	3.734836	4.938774
code	114	10240	5.700391	0.306692	0.778437	1.364651	4.449643
code	115	10240	4.47225	1.849152	3.196985	3.073377	4.390751
code	116	10240	5.765963	1.591918	3.047045	2.990581	4.34108
code	117	10240	4.371481	2.502447	4.04787	3.728156	4.820365
code	118	10240	6.151611	4.713135	6.412766	6.136169	6.608917
code	119	10240	4.824242	2.046356	5.321411	3.794098	4.281799
code	120	10240	6.851238	0.345932	0.70261	1.237877	5.0611
code	121	10240	6.199686	0.561972	0.966902	1.509117	4.83374
code	122	10240	4.880066	2.021881	5.395409	3.604218	4.204834
code	123	10240	3.249665	1.423717	3.11258	2.487196	4.037914
code	124	10240	6.755744	0.729014	1.282415	1.54027	4.327492
code	125	10240	4.912148	0.45236	1.101274	1.355854	4.393578
code	126	10240	4.002805	1.913649	3.322372	3.081119	4.451376
code	127	10240	4.447252	1.168905	2.929294	2.977853	4.275521
code	128	10240	4.668293	1.675733	3.646554	3.504754	4.693602
code	129	10240	4.727211	1.664629	3.263366	3.227575	4.434346
code	130	10240	5.964504	0.668858	1.32053	1.8133	4.632629
code	131	10240	4.319468	1.505263	2.806902	3.02561	4.484105
code	132	10240	4.721983	2.080903	3.47214	3.551374	4.715187
code	133	10240	5.559009	1.468116	2.691354	2.589588	4.831171
code	134	10240	4.080412	1.1875	2.725235	2.683572	4.3636
code	135	10240	4.764102	3.049642	5.115381	4.313725	4.946075
code	136	10240	4.347447	1.576052	3.779052	3.191579	4.615793
code	137	10240	4.499008	1.118707	2.044512	2.211391	4.243607
code	138	10240	3.821802	1.037491	1.268971	1.543227	3.123489
code	139	10240	6.892052	0.428256	0.895473	1.578831	4.705887
code	140	10240	4.83023	1.330005	2.687207	2.475268	4.611642
code	141	10240	6.58612	0.824784	1.655458	2.311852	5.771904
code	142	10240	2.64826	1.27056	2.629814	2.352289	3.457037
code	143	10240	3.861129	1.673256	2.98817	2.500325	4.185936
code	144	10240	3.210508	1.419583	3.014434	2.418435	4.108932
code	145	10240	7.080276	0.657169	1.788084	2.302681	5.636666
code	146	10240	5.250153	1.186471	2.740663	2.80199	4.470915
code	147	10240	6.335704	0.867093	1.362197	2.017518	4.735373
code	148	10240	3.492609	1.281422	3.106895	2.70317	4.604198
code	149	10240	1.989242	1.239626	2.146404	1.954627	3.388362
code	150	10240	3.950707	1.916993	3.286247	3.148587	4.603247
code	151	10240	3.941319	1.361232	2.735171	2.64353	4.425749
code	152	10240	5.353333	1.696739	3.23199	3.335437	4.93486
code	153	10240	6.820618	0.300632	0.620189	1.156509	4.995663
code	154	10240	5.726978	0.367732	1.096522	1.861149	5.074759
code	155	10240	4.325262	1.370665	3.042249	2.887989	4.704237
code	156	10240	4.45166	2.00116	4.451321	3.5513	4.098663
code	157	10240	5.358765	3.079258	5.166344	4.522705	5.271301
code	158	10240	3.869022	2.459736	4.475698	3.578027	4.421589
code	159	10240	3.40327	1.154473	2.544309	2.351465	3.791396
code	160	10240	6.048574	0.317791	0.676886	1.732745	4.521592
code	161	10240	5.372223	1.479666	2.608187	2.821398	4.210692
code	162	10240	4.214894	2.847513	5.043155	3.881091	4.801406
code	163	10240	5.540656	1.182184	2.035479	2.35293	4.717067
code	164	10240	4.491529	1.864777	4.635153	3.467926	4.022476
code	165	10240	4.732719	3.119272	5.482654	4.341375	5.330048
code	166	10240	3.628844	1.599361	2.917565	2.591393	4.144247
code	167	10240	4.921836	1.884722	3.926464	3.478338	4.815576
code	168	10240	2.813094	1.391747	2.786791	2.152805	3.834888
code	169	10240	3.39596	1.818763	4.292166	3.287791	4.745316
code	170	10240	4.758114	3.183124	5.014636	4.176787	4.963151
code	171	10240	5.98813	1.271	2.177158	2.789525	4.608778
code	172	10240	5.30717	1.728962	3.714215	3.351908	4.668457
code	173	10240	4.853844	3.060218	5.23036	4.321356	4.998869
code	174	10240	4.627879	1.564806	2.70104	2.752973	4.253788
code	175	10240	4.510126	1.378229	2.4165	2.376647	3.893919
code	176	10240	4.41309	2.056759	4.506615	3.405209	4.572417
code	177	10240	4.204041	1.345978	2.808877	2.405205	4.019472
code	178	10240	3.414718	1.917398	3.943581	3.176145	4.117598
code	179	10240	4.598221	1.82207	3.990327	3.414121	4.643696
code	180	10240	6.337492	0.648707	1.200893	1.624516	4.212772
code	181	10240	4.424732	1.851746	4.395103	3.373169	3.980148
code	182	10240	5.259624	0.603979	1.000926	1.153273	3.989924
code	183	10240	4.904973	1.362062	2.869407	3.026587	4.789299
code	184	10240	6.232519	1.35312	2.485374	3.04167	4.763729
code	185	10240	4.682291	3.133893	5.479641	4.384726	5.040298
code	186	10240	5.359794	2.407643	4.679383	3.871789	5.037857
code	187	10240	5.359402	2.096854	3.792144	3.999481	5.429896
code	188	10240	4.289236	3.057658	5.312638	3.833798	4.7642
code	189	10240	3.022125	1.266652	2.870732	2.422881	3.656834
code	190	10240	4.046303	2.825554	4.55458	3.852514	4.567746
code	191	10240	3.837978	1.181003	2.039174	1.748209	3.971147
code	192	10240	3.451669	1.195151	2.648589	2.431993	3.651622
code	193	10240	5.955855	1.308769	2.286315	2.713475	4.605699
code	194	10240	3.708979	1.853367	3.43867	2.683385	4.127769
code	195	10240	3.838093	1.666782	3.559552	2.899375	4.062076
code	196	10240	2.476699	1.091265	2.074105	2.109624	3.539322
code	197	10240	5.895643	1.746689	4.058121	3.857872	4.755838
code	198	10240	4.263797	1.727596	3.381183	3.059659	4.343783
code	199	10240	5.723454	1.542418	2.841166	2.959349	4.365192
math	0	12288	2.505472	2.074242	0.285138	1.762051	3.385601
math	1	12288	2.017986	1.704467	0.4261	1.606567	3.035019
math	2	12288	5.742142	4.010803	0.939956	2.069728	3.514731
math	3	12288	5.273207	3.911025	1.077609	2.885916	4.518713
math	4	12288	2.123609	1.65092	0.238086	1.633677	2.859255
math	5	12288	4.492805	3.149177	0.739608	2.144469	3.745604
math	6	12288	5.832075	3.249553	1.063701	3.143673	4.707333
math	7	12288	1.768538	1.522114	0.296482	1.542426	3.094577
math	8	12288	6.304347	4.692596	1.23361	2.9779	4.124491
math	9	12288	4.173025	3.009151	0.663471	2.608033	3.973925
math	10	12288	1.376166	1.272178	0.194013	1.228806	3.403519
math	11	12288	2.519542	2.085848	0.305002	1.439007	3.351979
math	12	12288	1.973568	1.702921	0.304822	1.58419	3.24108
math	13	12288	6.475875	3.685814	0.643545	1.701842	3.436817
math	14	12288	2.410895	1.804163	0.275348	1.634695	3.296593
math	15	12288	1.994632	1.737788	0.202702	1.341177	3.049938
math	16	12288	4.661415	3.674994	0.611817	1.854684	3.781926
math	17	12288	1.670083	1.458008	0.129927	1.387601	3.218903
math	18	12288	6.016405	2.427029	0.489047	1.647694	2.746974
math	19	12288	2.160962	1.644614	0.129445	1.611291	3.284115
math	20	12288	3.238414	2.403554	0.610262	2.236299	3.689651
math	21	12288	2.122629	1.68504	0.236884	1.332098	3.135807
math	22	12288	3.365597	2.793809	0.334529	1.578646	3.404667
math	23	12288	5.63432	3.238562	0.979262	3.125795	4.674693
math	24	12288	2.762848	2.20351	0.243207	1.921583	3.591007
math	25	12288	3.233177	2.631162	0.421962	1.371194	3.260736
math	26	12288	6.169058	3.760712	0.802565	2.013637	3.601931
math	27	12288	5.456933	3.534168	0.772615	2.034264	3.311871
math	28	12288	2.622228	2.35321	0.39263	1.59924	3.243618
math	29	12288	3.816981	2.67756	0.59235	1.777688	3.402248
math	30	12288	2.37477	2.051656	0.268512	1.475272	3.327392
math	31	12288	3.471329	2.826643	0.540886	2.05317	3.783347
math	32	12288	5.622521	4.145859	0.912016	2.053964	3.318212
math	33	12288	1.992577	1.718496	0.22929	1.443462	2.97283
math	34	12288	6.181806	3.779491	0.823922	1.927042	3.619321
math	35	12288	5.282814	4.0167	1.017219	2.858271	4.640309
math	36	12288	5.613004	3.329855	0.851318	2.47036	4.586902
math	37	12288	5.874201	3.992447	1.060787	2.18258	3.509446
math	38	12288	6.906502	3.666536	0.72295	1.884502	3.888397
math	39	12288	2.078482	1.728767	0.250405	1.282893	3.016462
math	40	12288	2.818944	2.407498	0.286643	1.57314	3.424608
math	41	12288	5.328846	3.653042	0.770099	1.95267	2.823078
math	42	12288	1.460952	1.420007	0.259881	1.354968	3.169198
math	43	12288	5.51887	3.824768	0.796794	2.0722	3.103193
math	44	12288	6.773315	4.28714	0.922107	1.774951	4.697772
math	45	12288	5.968307	4.230494	0.683148	2.253047	3.980587
math	46	12288	5.200179	3.730196	0.658697	2.450037	4.258774
math	47	12288	2.072712	1.817551	0.224339	1.319835	2.7322
math	48	12288	2.205896	1.809198	0.227331	1.580074	3.576123
math	49	12288	11.814821	1.466156	0.333927	0.626823	0.99454
math	50	12288	2.667073	2.288813	0.294174	1.907622	3.432935
math	51	12288	1.602904	1.259206	0.144484	1.283792	2.923948
math	52	12288	2.004396	1.70132	0.236632	1.591418	3.076094
math	53	12288	1.487082	1.253157	0.163239	1.215906	2.952486
math	54	12288	2.884123	2.317995	0.421141	1.912399	3.89448
math	55	12288	1.953777	1.486979	0.225375	1.296996	3.043785
math	56	12288	2.056276	1.656934	0.331415	1.168926	2.897629
math	57	12288	2.310727	1.863036	0.227345	1.693471	3.475319
math	58	12288	10.835882	1.646839	0.318102	0.814045	1.295669
math	59	12288	1.778466	1.772457	0.272853	1.417346	3.300139
math	60	12288	1.827122	1.610769	0.247182	1.525561	3.50111
math	61	12288	3.344986	2.465424	0.671495	1.74633	3.438835
math	62	12288	4.079732	3.116363	0.516575	1.962446	3.48981
math	63	12288	5.909366	4.280637	0.871145	2.748415	4.544573
math	64	12288	5.783958	3.678173	0.828596	2.189514	3.264614
math	65	12288	2.24495	1.77417	0.321106	1.509333	3.141832
math	66	12288	2.704367	2.368285	0.394091	1.947328	3.791537
math	67	12288	1.592661	1.373167	0.241683	1.353608	2.889767
math	68	12288	6.194131	4.395731	1.047506	3.279232	5.346129
math	69	12288	5.650455	3.616562	0.834826	1.908561	3.105059
math	70	12288	3.134982	2.621684	0.673862	2.015098	4.07829
math	71	12288	2.474151	2.104984	0.281967	1.183637	3.078613
math	72	12288	1.430452	1.292946	0.132495	1.152371	2.706924
math	73	12288	5.620672	3.938771	1.179102	2.80995	4.798153
math	74	12288	4.803671	3.556903	0.942891	2.650531	4.521886
math	75	12288	5.385285	3.897329	0.922599	2.441084	4.475487
math	76	12288	1.640905	1.46086	0.174761	1.401569	3.064329
math	77	12288	5.752248	4.261387	0.901607	1.966103	3.302759
math	78	12288	1.66052	1.562742	0.198368	1.314727	3.35312
math	79	12288	2.706132	2.142383	0.341058	1.840191	3.608918
math	80	12288	5.795091	2.84998	0.693977	2.777665	3.800794
math	81	12288	6.206337	2.630127	0.625228	2.348922	3.464515
math	82	12288	1.614739	1.294302	0.219465	1.365204	2.900288
math	83	12288	5.201354	3.722338	0.842211	2.320085	4.190684
math	84	12288	1.710417	1.570434	0.185121	1.487932	3.096983
math	85	12288	5.825505	2.59095	0.452127	1.466414	3.486213
math	86	12288	2.902036	2.415003	0.671047	2.184066	3.982787
math	87	12288	5.995509	2.426497	0.472315	1.587116	2.726863
math	88	12288	1.632706	1.396661	0.193955	1.559956	3.511147
math	89	12288	3.834881	3.700657	0.628401	2.588123	4.064958
math	90	12288	3.725431	3.827597	0.585002	2.731998	3.997794
math	91	12288	2.003035	1.589209	0.218108	1.572236	3.111883
math	92	12288	2.311415	2.038577	0.261019	1.722827	3.638597
math	93	12288	2.206056	1.70061	0.251535	1.592368	3.495225
math	94	12288	2.15808	1.965629	0.336124	1.582413	3.288584
math	95	12288	6.617995	2.535814	0.597021	2.614879	3.923135
math	96	12288	3.055327	2.283467	0.512823	2.343234	3.649104
math	97	12288	5.18302	3.546306	0.751276	2.685493	4.617436
math	98	12288	4.54648	3.09246	0.650951	1.955766	4.052526
math	99	12288	4.68285	3.730572	0.983362	2.7458	4.529246
math	100	12288	4.20441	3.269103	0.549232	2.036007	4.156482
math	101	12288	3.964468	3.112251	0.509089	2.018543	3.825986
math	102	12288	1.769449	1.497003	0.171256	1.448383	3.046035
math	103	12288	6.193023	3.591881	0.6944	1.685623	3.232589
math	104	12288	4.407179	3.325633	0.665962	2.455171	3.890635
math	105	12288	2.799969	2.054597	0.285885	1.560076	3.313316
math	106	12288	3.259376	2.39105	0.47081	2.36028	3.828578
math	107	12288	4.275478	3.843187	0.692363	2.798313	4.260676
math	108	12288	2.263272	1.715487	0.314504	1.681154	3.154959
math	109	12288	6.097546	2.416754	0.485822	1.46171	3.547819
math	110	12288	5.822178	3.886364	0.790171	1.783907	2.760563
math	111	12288	2.276408	1.912401	0.420557	1.849723	3.54121
math	112	12288	4.675424	3.697271	0.928886	2.205158	3.909243
math	113	12288	2.31465	1.930933	0.224349	1.475173	3.263716
math	114	12288	2.775194	2.209508	0.495844	2.160893	3.930747
math	115	12288	5.630745	2.905672	0.571425	2.716506	3.492397
math	116	12288	5.357339	3.339019	0.704968	2.402257	4.169514
math	117	12288	5.013928	3.379494	0.889952	2.164043	4.366633
math	118	12288	4.255992	3.545527	0.581843	2.599598	4.153079
math	119	12288	1.411392	1.285174	0.299887	1.239828	2.798492
math	120	12288	2.236837	1.867619	0.31736	1.617038	3.436757
math	121	12288	4.492172	3.278479	0.574267	2.871264	4.437916
math	122	12288	2.992544	2.273081	0.404325	2.016196	3.632432
math	123	12288	6.574017	3.972416	0.647831	1.470186	2.864094
math	124	12288	4.651461	3.676665	0.801177	2.811156	4.307448
math	125	12288	6.69873	4.277349	1.124882	2.084	4.741833
math	126	12288	6.939522	3.929858	0.995039	3.379762	5.874564
math	127	12288	3.329357	2.729471	0.430784	1.827529	3.558237
math	128	12288	4.259676	3.412084	0.624602	2.696538	4.028522
math	129	12288	3.570352	2.536492	0.443068	1.98798	3.639685
math	130	12288	5.50873	4.185123	0.754411	1.905052	3.042792
math	131	12288	6.447422	4.169528	0.998645	3.410031	5.668991
math	132	12288	5.531415	3.23332	0.792799	2.199745	4.347805
math	133	12288	5.21552	3.287764	0.659528	1.773433	3.367499
math	134	12288	2.290827	1.901175	0.224992	1.65233	3.487748
math	135	12288	6.574933	3.722832	0.640918	1.25022	2.19063
math	136	12288	1.737042	1.475231	0.233792	1.362974	3.148082
math	137	12288	6.46944	4.567185	1.320979	3.255817	5.19831
math	138	12288	3.548103	2.963297	0.480824	2.17734	3.964497
math	139	12288	6.026665	4.570846	1.333216	3.602944	5.507987
math	140	12288	5.857388	4.002853	0.724098	1.818406	3.358001
math	141	12288	6.788574	4.504248	0.828257	1.997485	4.362549
math	142	12288	4.796228	3.502046	0.644012	1.956112	3.499412
math	143	12288	3.56811	2.936795	0.541899	1.94243	3.61601
math	144	12288	1.48232	1.37983	0.139592	1.274059	3.15408
math	145	12288	6.23278	2.746229	0.483563	1.556182	4.016899
math	146	12288	4.203547	2.714126	0.421916	1.584274	3.994906
math	147	12288	1.546935	1.367856	0.239456	1.391963	3.210552
math	148	12288	3.741386	2.754747	0.588577	1.63024	3.188109
math	149	12288	3.087903	2.312343	0.345679	1.931907	3.618808
math	150	12288	5.438036	4.10294	1.310664	3.17654	4.584556
math	151	12288	1.980891	1.67263	0.16589	1.410755	3.027195
math	152	12288	2.648212	2.172693	0.535955	2.004796	3.363734
math	153	12288	5.329236	4.091309	0.863308	2.880328	3.750658
math	154	12288	3.116786	2.451971	0.406103	1.685199	3.295372
math	155	12288	5.928982	3.912454	0.588707	2.010551	4.125718
math	156	12288	6.792784	3.370481	0.550702	2.288893	3.349557
math	157	12288	2.343061	2.050908	0.241446	1.428384	3.403613
math	158	12288	5.412047	3.967777	0.842812	2.048568	3.209978
math	159	12288	1.298435	1.208701	0.211678	1.377694	3.141646
math	160	12288	12.336035	0.829094	0.30717	0.505304	0.566114
math	161	12288	6.182019	4.036929	0.961001	2.051949	4.508113
math	162	12288	2.045413	1.840835	0.268102	1.743994	3.70246
math	163	12288	4.131671	3.17732	0.484316	2.178682	4.048153
math	164	12288	6.057918	2.608166	0.420045	1.487553	2.631095
math	165	12288	4.144112	2.978096	0.494619	1.641016	3.326695
math	166	12288	1.686952	1.494459	0.234073	1.278098	3.036013
math	167	12288	4.841958	3.212873	0.73191	2.436459	4.059147
math	168	12288	3.752834	2.476931	0.485763	2.247883	3.730449
math	169	12288	3.020361	2.311051	0.459178	1.890675	3.699409
math	170	12288	2.957273	2.329891	0.34076	1.649015	3.593302
math	171	12288	5.582048	3.609589	0.753822	1.877327	2.960653
math	172	12288	1.623387	1.404237	0.214138	1.329267	3.158651
math	173	12288	2.141849	1.96918	0.274196	1.572787	3.146935
math	174	12288	3.102538	2.615528	0.302692	1.917932	3.565399
math	175	12288	5.388639	4.186241	0.851906	2.143844	3.10716
math	176	12288	4.884443	3.897768	0.672639	2.317914	4.090589
math	177	12288	6.306399	4.252001	0.624597	1.927042	4.43882
math	178	12288	1.598589	1.562144	0.172742	1.426352	3.554817
math	179	12288	1.311692	1.221573	0.186855	1.177772	2.792749
math	180	12288	2.407709	2.06689	0.306926	1.680276	3.312994
math	181	12288	4.351068	3.244886	0.607585	2.02792	3.8332
math	182	12288	2.244639	2.056393	0.23493	1.522635	3.312042
math	183	12288	5.978101	2.393214	0.432498	1.885561	3.190621
math	184	12288	4.488797	3.059932	0.865621	2.033247	4.265008
math	185	12288	5.729917	2.57448	0.544001	1.882094	3.010883
math	186	12288	4.318864	3.054755	0.62089	2.541838	4.172265
math	187	12288	4.521553	3.186676	0.935612	2.320955	3.823271
math	188	12288	6.267062	3.927486	0.823868	1.874724	3.540177
math	189	12288	1.547168	1.337578	0.170089	1.310432	2.916316
math	190	12288	5.094707	3.535007	0.673967	3.231128	4.672802
math	191	12288	5.625365	4.104561	0.944656	2.036522	3.543067
math	192	12288	2.671789	1.99534	0.22675	1.30568	3.1355
math	193	12288	2.387426	1.742417	0.324109	1.660821	3.281637
math	194	12288	2.643075	1.769273	0.275731	1.57476	3.12268
math	195	12288	3.978395	3.307553	0.456687	2.535989	4.066912
math	196	12288	5.568998	3.537079	0.782973	1.914981	2.834918
math	197	12288	2.052554	1.741217	0.254554	1.553826	3.053687
math	198	12288	5.729686	2.776712	0.618536	2.615556	3.564737
math	199	12288	7.288333	3.286205	0.546797	1.64432	3.926684
legal	0	14336	1.345731	1.194433	1.929408	0.831746	2.595356
legal	1	14336	1.717364	1.383705	2.314532	0.566233	1.951133
legal	2	14336	1.310125	1.433097	2.437598	0.615171	2.078765
legal	3	14336	1.470618	1.510014	2.44103	0.67528	2.64128
legal	4	14336	1.240137	1.250611	2.104375	0.700776	2.704913
legal	5	14336	1.683743	1.592935	2.53945	0.918948	2.519479
legal	6	14336	1.4775	1.481171	2.49151	0.733535	2.576409
legal	7	14336	1.891358	1.749894	2.613671	1.27238	2.810194
legal	8	14336	1.51028	1.456695	2.377033	1.024796	3.008914
legal	9	14336	1.800376	1.550532	2.443673	0.722721	2.19282
legal	10	14336	1.308885	1.300968	2.29505	0.846681	2.428389
legal	11	14336	1.374257	1.333654	2.148386	0.68534	2.568866
legal	12	14336	2.027307	1.810832	2.60088	0.544327	1.841881
legal	13	14336	2.134159	1.578825	2.48335	1.199931	2.894989
legal	14	14336	1.948454	1.632863	2.224614	0.642712	2.043768
legal	15	14336	1.042725	1.173575	2.028351	0.788441	2.614289
legal	16	14336	1.514843	1.362077	2.363075	0.90824	2.88985
legal	17	14336	1.831717	1.442471	2.559597	0.749684	2.122275
legal	18	14336	1.815762	1.617176	3.052833	1.482816	3.252313
legal	19	14336	1.261383	1.341753	2.30079	0.979501	2.88087
legal	20	14336	1.288633	1.29976	2.078879	0.951676	2.734197
legal	21	14336	1.202199	1.245078	2.177691	0.771788	2.52106
legal	22	14336	1.465319	1.547214	2.541177	0.681536	2.480238
legal	23	14336	1.865128	1.678294	2.588142	1.090645	3.223816
legal	24	14336	1.322129	1.321667	2.123714	0.749378	2.624651
legal	25	14336	2.022346	1.66091	2.367347	0.720159	2.001199
legal	26	14336	2.053136	1.912229	2.747767	0.604473	1.952815
legal	27	14336	1.316519	1.316254	2.034731	0.707149	2.401181
legal	28	14336	1.558713	1.764097	2.760319	0.638426	2.268573
legal	29	14336	1.68915	1.571825	2.385262	0.415802	1.851665
legal	30	14336	2.319957	1.954465	2.752381	1.465361	3.523084
legal	31	14336	1.713015	1.782086	2.677196	0.796712	2.457256
legal	32	14336	1.771176	1.449472	2.117716	0.693895	2.396148
legal	33	14336	1.266573	1.261009	2.085895	0.681107	2.542532
legal	34	14336	0.962829	1.080473	1.952322	0.675429	2.908506
legal	35	14336	1.431033	1.419583	2.202073	0.632032	2.709715
legal	36	14336	2.070534	1.627454	2.627296	0.755781	2.440996
legal	37	14336	1.272254	1.302069	1.967887	1.01239	2.611631
legal	38	14336	1.239334	1.249972	2.115714	0.802964	2.678926
legal	39	14336	1.445515	1.359123	2.063983	0.87544	2.579307
legal	40	14336	1.237723	1.299367	1.993026	0.67314	2.550124
legal	41	14336	1.155483	1.103949	1.945194	0.669452	2.390223
legal	42	14336	1.557426	1.61372	2.467848	1.171536	3.059765
legal	43	14336	1.429126	1.333203	2.098579	0.731078	2.779719
legal	44	14336	1.164507	1.183643	1.900338	0.889878	2.531226
legal	45	14336	1.64046	1.60414	2.293437	0.969617	2.887248
legal	46	14336	1.46159	1.416628	2.338835	1.050232	2.825157
legal	47	14336	1.479488	1.486864	2.305481	0.883341	2.705465
legal	48	14336	1.249694	1.363216	2.42869	0.779211	2.722685
legal	49	14336	1.212657	1.252331	2.048882	0.950904	2.802257
legal	50	14336	1.574365	1.466066	2.31194	0.569746	2.096316
legal	51	14336	1.592106	1.516965	2.313488	1.072896	2.656003
legal	52	14336	1.704256	1.397734	2.254762	0.673925	2.302583
legal	53	14336	1.900641	1.84589	2.520586	0.760799	2.466861
legal	54	14336	1.18286	1.224999	1.94795	0.914266	2.687478
legal	55	14336	1.91324	1.718687	2.498579	0.881137	2.244929
legal	56	8192	1.084205	1.172945	2.267632	1.094338	3.144132
legal	57	14336	1.936078	1.657542	2.590701	0.940657	2.518544
legal	58	14336	1.450757	1.224316	2.64523	0.878077	2.391007
legal	59	14336	1.30552	1.297477	2.109838	1.026037	2.925035
legal	60	14336	1.627251	1.515743	2.151739	0.875683	3.001652
legal	61	14336	1.276192	1.326906	1.979131	0.874693	2.704023
legal	62	14336	1.442023	1.363334	2.201647	0.872072	2.659742
legal	63	14336	1.353194	1.281987	2.096058	0.862169	2.732504
legal	64	14336	1.024832	1.119537	1.754663	0.776719	2.680913
legal	65	14336	1.071987	1.208352	2.026864	1.038111	2.887571
legal	66	14336	1.895458	1.915992	2.941704	1.158471	2.681744
legal	67	14336	1.030949	1.074965	1.838845	0.617457	2.350241
legal	68	14336	1.769809	1.804833	2.511775	0.744233	2.623864
legal	69	14336	1.490996	1.433047	2.360776	0.734595	2.653874
legal	70	14336	2.054272	2.024127	2.703339	1.166829	2.828523
legal	71	14336	1.425471	1.390749	2.436774	0.856684	2.820281
legal	72	14336	1.787335	1.694366	2.492686	0.735362	2.101786
legal	73	14336	1.35623	1.460685	2.32628	0.90811	2.643463
legal	74	14336	1.519915	1.269764	2.103254	0.641044	2.259106
legal	75	14336	1.994942	1.996143	2.722071	0.795948	2.221403
legal	76	14336	1.246959	1.212673	1.898227	0.913275	2.646361
legal	77	14336	2.050617	1.920065	2.75146	0.480442	1.933549
legal	78	14336	1.346625	1.514911	1.996114	0.425459	1.831982
legal	79	14336	1.558456	1.527821	2.318022	0.659325	2.296551
legal	80	14336	1.159263	1.177776	2.078494	0.925312	2.819418
legal	81	14336	1.266234	1.228242	1.989028	0.6552	2.763017
legal	82	14336	0.992853	1.115205	1.800578	0.586657	2.522158
legal	83	14336	1.438248	1.340158	2.080154	0.84091	2.832986
legal	84	14336	1.695968	1.943446	2.933726	0.89545	2.780299
legal	85	14336	2.051218	1.660705	2.493453	0.909754	2.618042
legal	86	14336	1.633305	1.384053	2.33913	0.67484	2.323517
legal	87	14336	1.151973	1.043264	1.676514	0.777947	2.584911
legal	88	14336	2.169814	1.887779	2.872267	0.889087	2.848635
legal	89	14336	1.398016	1.412601	2.834912	1.312384	3.017018
legal	90	14336	1.647827	1.524947	2.437003	1.345623	3.243728
legal	91	14336	1.781272	1.45604	2.153733	0.530077	2.416732
legal	92	14336	1.432667	1.331531	2.024849	0.891221	2.702134
legal	93	14336	1.561881	1.386667	2.134677	0.533817	2.3046
legal	94	14336	1.653225	1.472398	2.115997	0.834321	2.5656
legal	95	14336	1.806174	1.597795	2.404902	0.838594	2.28818
legal	96	14336	1.190947	1.224132	2.180393	0.64353	2.835538
legal	97	14336	1.292379	1.372412	2.132046	0.596853	2.166422
legal	98	14336	1.912561	1.590414	2.581738	0.967759	2.588549
legal	99	14336	1.191729	1.065584	1.968897	0.797249	2.474887
legal	100	14336	2.010359	1.998441	2.773449	1.220241	2.58341
legal	101	14336	2.00877	1.66846	2.30867	0.720931	2.333622
legal	102	14336	1.642223	1.341787	2.375774	0.741523	2.499833
legal	103	14336	2.14839	1.973977	2.825322	1.298473	2.847425
legal	104	14336	2.047181	1.892845	2.787584	0.953767	3.138649
legal	105	14336	1.689648	1.443755	2.487635	1.207264	2.882057
legal	106	14336	1.537504	1.456282	2.500025	0.788878	2.915295
legal	107	14336	1.475656	1.296199	2.080005	0.923298	2.791976
legal	108	14336	2.058596	1.787192	2.73735	0.784213	2.821178
legal	109	14336	1.980585	1.761299	2.510887	0.468526	1.878156
legal	110	14336	1.576226	1.423899	2.248477	0.511555	2.027452
legal	111	14336	1.779271	1.651129	2.20892	0.870814	2.746548
legal	112	14336	1.467894	1.654284	2.527682	0.390798	2.094455
legal	113	14336	1.919566	1.744341	2.53554	0.549861	1.961125
legal	114	14336	2.52185	2.358025	3.283696	1.206839	2.992737
legal	115	14336	1.675611	1.743186	2.574196	0.476552	2.366079
legal	116	14336	2.132654	2.047768	2.718199	0.982058	2.409495
legal	117	14336	1.524105	1.331886	2.231086	0.456931	2.17906
legal	118	14336	1.707532	1.363208	2.213746	0.810381	2.702026
legal	119	14336	1.642785	1.464708	2.101304	0.485537	1.989724
legal	120	14336	1.684311	1.549393	2.616698	1.032103	2.985461
legal	121	14336	1.669597	1.70735	2.449389	0.912057	2.668165
legal	122	14336	0.984887	1.065132	1.817426	0.455539	2.283902
legal	123	14336	1.289952	1.372041	2.301188	0.88282	2.593993
legal	124	14336	1.441304	1.3302	2.04799	0.907461	2.749394
legal	125	14336	1.094706	1.279212	2.285777	0.705427	2.957105
legal	126	14336	1.323408	1.16634	2.04252	0.699609	2.355938
legal	127	14336	1.552947	1.434857	2.23843	0.864348	2.816259
legal	128	14336	1.378124	1.487111	2.420544	0.687273	2.290398
legal	129	14336	2.567338	2.141614	2.825727	0.673038	2.106001
legal	130	14336	1.220844	1.368716	2.211283	0.593933	2.277186
legal	131	14336	1.273792	1.329779	1.959003	0.671277	2.475557
legal	132	14336	1.810295	1.710215	2.614141	0.985484	2.941431
legal	133	14336	1.128221	1.273934	2.099895	0.828474	2.800725
legal	134	14336	1.422548	1.446117	2.308311	0.966145	2.500616
legal	135	14336	2.096643	1.927903	2.391693	0.667275	1.795219
legal	136	14336	1.78575	1.660947	2.640268	0.8163	2.15996
legal	137	14336	1.124647	1.056541	1.867883	0.674614	2.615218
legal	138	14336	1.496913	1.290671	2.126796	0.775406	2.596155
legal	139	14336	1.596943	1.349677	2.186318	0.962782	2.900724
legal	140	14336	1.676083	1.562497	2.409624	0.933066	2.811599
legal	141	14336	1.576439	1.433779	2.308659	0.992692	2.324991
legal	142	14336	1.487023	1.46636	2.126274	0.796165	2.539093
legal	143	14336	1.245105	1.289619	1.908645	0.951386	2.981439
legal	144	14336	1.728987	1.795928	2.64011	0.478103	2.363182
legal	145	14336	2.18359	1.946635	2.903999	0.869173	2.660639
legal	146	14336	1.398061	1.216176	2.18052	0.885539	3.087378
legal	147	14336	1.225435	1.187424	2.119576	1.146678	2.789813
legal	148	14336	1.431821	1.367051	2.323549	0.774431	2.633814
legal	149	14336	2.057812	1.852072	2.748986	0.635959	2.20586
legal	150	14336	1.341245	1.22421	2.314958	0.765235	2.316667
legal	151	14336	0.952258	1.05381	1.889831	0.632734	2.831064
legal	152	14336	1.23654	1.148867	2.015718	0.849399	2.746175
legal	153	14336	1.430868	1.469042	2.244316	0.733454	2.44649
legal	154	14336	1.770238	1.658269	2.795123	1.033446	2.594911
legal	155	14336	1.478441	1.617939	2.73549	1.32132	3.084764
legal	156	14336	2.256963	2.058347	2.703197	1.491262	2.853824
legal	157	14336	1.361837	1.398098	2.246795	0.864024	2.610973
legal	158	14336	1.569886	1.370536	2.208599	0.740564	2.42672
legal	159	14336	1.476988	1.347924	2.12192	0.654116	2.282177
legal	160	14336	1.134965	1.152696	1.732343	0.870206	2.391685
legal	161	14336	1.753897	1.504529	2.154813	1.125849	2.461111
legal	162	14336	1.70563	1.593439	2.266703	0.730473	2.194752
legal	163	14336	1.524575	1.33973	2.071615	0.851734	2.32239
legal	164	14336	1.039117	1.114123	1.889985	0.801066	2.692585
legal	165	14336	1.935991	1.720058	2.380598	0.669066	2.192358
legal	166	14336	1.963541	1.671547	2.472373	0.516133	2.361904
legal	167	14336	1.653234	1.478672	1.960556	1.03914	2.727081
legal	168	14336	1.47048	1.585064	2.310304	1.118913	2.820604
legal	169	14336	1.361859	1.305258	2.097746	0.914923	2.550306
legal	170	14336	1.495561	1.596154	2.439627	1.118465	2.866704
legal	171	14336	1.159491	1.172569	1.989161	0.943852	2.706974
legal	172	14336	1.802392	1.724057	2.903457	0.838529	2.530251
legal	173	14336	2.619339	2.090799	2.836779	0.594217	1.762287
legal	174	14336	1.209208	1.194277	2.170816	0.765842	2.340559
legal	175	14336	1.89883	1.62062	2.755803	1.252005	3.118963
legal	176	14336	1.173721	1.127884	2.014053	0.795402	2.51504
legal	177	14336	1.788113	1.628286	2.648284	0.983671	2.583804
legal	178	14336	1.231881	1.193573	2.036093	0.906045	2.892744
legal	179	14336	1.233844	1.200485	2.098893	1.003931	2.792227
legal	180	14336	0.883206	1.134831	2.353077	0.754296	2.962388
legal	181	14336	3.419283	2.929989	3.677058	1.269439	2.638759
legal	182	14336	1.754012	1.599222	2.353211	0.98922	3.201403
legal	183	14336	1.367657	1.473991	2.30725	0.683371	2.438778
legal	184	14336	1.872235	1.569462	2.470452	0.656943	2.307039
legal	185	14336	0.977883	1.044853	1.667096	0.806069	2.451476
legal	186	14336	1.373187	1.436923	2.46817	0.876723	2.777097
legal	187	14336	1.505733	1.245384	2.105061	0.795336	2.528821
legal	188	14336	1.681128	1.413629	2.186316	1.037596	2.570807
legal	189	14336	1.107203	1.195729	2.189328	0.762706	2.74413
legal	190	14336	1.801137	1.937486	2.813671	0.821318	2.511422
legal	191	14336	1.17275	1.239782	2.360545	0.917768	2.728948
legal	192	14336	1.117926	1.124583	1.675927	0.581288	2.370743
legal	193	14336	0.858373	1.02325	1.801697	0.749571	2.35961
legal	194	14336	1.761904	1.454304	2.141432	0.647699	2.268335
legal	195	14336	1.409537	1.397805	2.445042	0.928361	2.890897
legal	196	14336	1.292992	1.171225	2.011655	0.91623	2.95576
legal	197	14336	1.168861	1.2466	2.288878	0.852204	3.105192
legal	198	14336	2.852632	2.639907	3.85296	2.552537	3.528598
legal	199	14336	2.000419	1.977192	2.741015	1.426724	2.895007
ga	0	16384	3.447281	3.229599	4.315804	3.593079	1.093211
ga	1	16384	3.341469	3.204956	4.078036	3.439354	0.753844
ga	2	16384	3.235291	3.160736	4.287872	3.525436	0.819881
ga	3	16384	3.145561	3.047592	4.163544	3.342163	0.812233
ga	4	16384	3.06922	3.003864	4.052946	3.298767	0.780949
ga	5	16384	3.349762	3.049414	4.570045	3.699543	0.829697
ga	6	16384	3.217485	3.114239	4.438156	3.569149	0.658211
ga	7	16384	3.533657	3.305908	4.42223	3.436766	0.67788
ga	8	16384	3.143223	3.049042	3.85511	3.373909	0.66023
ga	9	16384	3.263646	3.166016	4.025345	3.474815	0.886022
ga	10	16384	3.355923	3.154278	4.44164	3.425251	0.873106
ga	11	16384	3.527782	3.335611	4.438492	3.722713	0.889122
ga	12	16384	3.264977	3.103561	4.312225	3.428284	1.052619
ga	13	16384	3.264753	3.03841	4.011151	3.282211	0.965517
ga	14	16384	3.643491	3.197717	3.988538	3.284214	1.661567
ga	15	16384	3.453802	3.313004	4.041656	3.723524	0.939406
ga	16	16384	2.959732	2.79364	4.330826	3.085266	1.238254
ga	17	16384	3.716925	3.176836	4.570309	3.632929	1.727078
ga	18	16384	3.526649	3.056415	4.564737	3.584876	0.987267
ga	19	16384	3.604371	3.290115	4.463404	3.652747	0.840705
ga	20	16384	3.119751	3.032578	3.928265	3.446196	0.660822
ga	21	16384	3.429474	3.266937	4.232312	3.494394	0.696224
ga	22	16384	3.511481	3.30172	4.590671	3.693146	0.73568
ga	23	16384	3.961348	3.47155	4.726646	3.609383	0.647462
ga	24	16384	3.541321	3.317612	4.423447	3.302567	0.707024
ga	25	16384	3.447034	3.309704	4.446157	3.64521	0.52142
ga	26	16384	3.469117	3.271767	4.289491	3.463282	0.945867
ga	27	16384	3.287715	2.965099	4.054039	3.518631	1.207526
ga	28	16384	3.285064	3.112974	4.127432	3.380508	0.934843
ga	29	16384	3.751986	3.478508	4.48791	3.644977	0.831038
ga	30	16384	3.509651	3.311701	4.470992	3.751595	0.881099
ga	31	16384	3.271842	3.072264	3.900998	3.544366	0.743292
ga	32	16384	3.465648	3.108036	4.471292	3.732746	0.866964
ga	33	16384	3.653011	3.390194	4.295574	3.606867	0.665643
ga	34	16384	3.218975	2.914337	4.047584	3.508514	0.845922
ga	35	16384	3.236732	3.094452	4.361265	3.679237	0.574155
ga	36	16384	3.439857	3.183981	4.983526	3.700015	0.819067
ga	37	16384	3.307467	3.169792	4.488426	3.705753	1.030986
ga	38	16384	3.328094	3.276085	4.200289	3.657382	1.187093
ga	39	16384	3.482845	2.998325	4.075865	3.30496	0.738781
ga	40	16384	3.662689	3.418304	4.534345	3.647549	0.779287
ga	41	16384	3.654346	3.403074	4.141973	3.275094	0.897932
ga	42	16384	3.15118	2.968819	3.902046	3.453072	1.031937
ga	43	16384	3.346878	3.22438	4.463089	3.443893	0.566123
ga	44	16384	3.374298	3.149635	4.171986	3.47855	0.695974
ga	45	16384	3.278811	3.17277	4.481021	3.59978	0.988329
ga	46	16384	3.176113	3.081375	4.466244	3.485341	0.494488
ga	47	16384	3.448641	3.193289	4.451303	3.562505	0.830795
ga	48	16384	3.506874	3.169762	4.757526	3.55088	0.594112
ga	49	16384	3.358578	3.268223	4.177869	3.409824	0.738132
ga	50	16384	3.71727	3.518265	4.495087	3.72113	0.337341
ga	51	16384	3.26295	3.111212	4.33563	3.487071	0.931799
ga	52	16384	3.702753	3.402122	4.477561	3.658272	0.757415
ga	53	16384	3.541498	3.154465	4.151525	3.541466	0.66658
ga	54	16384	3.290054	3.157333	4.11242	3.479401	0.750285
ga	55	16384	3.148479	2.947784	4.014782	3.277328	0.657477
ga	56	16384	3.223757	3.071564	4.181105	3.315941	0.856892
ga	57	16384	3.943047	3.675758	4.546144	4.056984	1.527365
ga	58	16384	3.192216	3.053826	3.839138	3.420533	1.205873
ga	59	16384	3.406921	3.049133	4.145701	3.415623	0.434077
ga	60	16384	3.494998	3.279739	4.581641	3.711985	0.690339
ga	61	16384	3.237751	2.933094	3.685467	3.284214	0.767788
ga	62	16384	3.308774	3.155869	4.194629	3.627722	0.898543
ga	63	16384	3.073125	3.00053	3.83063	3.406273	0.950544
ga	64	16384	3.319916	3.170471	4.252226	3.512029	0.929819
ga	65	16384	3.640112	3.391661	4.278343	3.610245	0.962324
ga	66	16384	3.575707	3.303156	4.026012	3.540169	0.885147
ga	67	16384	3.651195	3.411568	4.698949	3.810131	1.023323
ga	68	16384	3.31064	3.256235	4.138125	3.475279	0.93197
ga	69	16384	3.419304	3.227341	4.387245	3.598734	0.756232
ga	70	16384	3.52409	3.350696	4.09517	3.585644	1.156336
ga	71	16384	3.07746	2.860794	3.635378	3.238697	1.018579
ga	72	16384	3.047362	3.070792	3.975903	3.324931	0.771005
ga	73	16384	3.497705	3.355347	4.355192	3.758698	0.671649
ga	74	16384	3.339204	3.110138	4.399549	3.627899	0.702505
ga	75	16384	3.430359	3.427231	4.055008	3.900177	0.991046
ga	76	16384	3.202198	3.064697	4.095296	3.509918	0.865897
ga	77	16384	3.887477	3.610998	4.8543	3.695919	0.586841
ga	78	16384	3.05545	3.086418	4.310312	3.390474	0.686856
ga	79	16384	3.629608	3.453606	4.497174	3.428238	0.904018
ga	80	16384	3.335757	3.075745	4.107619	3.68375	0.720429
ga	81	16384	3.36661	3.185318	3.83652	3.515298	0.908882
ga	82	16384	3.315979	3.102697	4.043534	3.628433	0.807413
ga	83	16384	3.280907	3.054497	4.277713	3.497959	0.653011
ga	84	16384	3.634336	3.243803	4.366304	3.456516	1.077686
ga	85	16384	3.174011	3.139175	4.050695	3.547043	1.011262
ga	86	16384	3.152512	2.939209	4.039032	3.433578	0.952214
ga	87	16384	2.928132	2.733265	4.493931	3.428015	0.635652
ga	88	16384	3.273277	3.08606	4.3312	3.414429	0.873593
ga	89	16384	3.209042	3.177979	4.34095	3.630875	0.983752
ga	90	16384	3.176243	3.015285	4.087829	3.362919	0.891447
ga	91	16384	3.424579	3.10833	4.56842	3.611224	1.140292
ga	92	16384	3.384027	3.025743	4.056963	3.418696	0.591725
ga	93	16384	3.216553	2.815063	4.101055	3.349674	1.057139
ga	94	16384	3.202734	3.038517	4.3097	3.495163	1.162019
ga	95	16384	3.044335	2.982971	3.600418	3.183002	0.690795
ga	96	16384	3.807104	3.525772	4.848411	3.695076	0.839648
ga	97	16384	3.304379	3.076893	4.682667	3.422517	1.169289
ga	98	16384	3.223122	3.018005	3.87265	3.452393	0.720839
ga	99	16384	3.281178	3.263306	4.616405	3.771648	1.121706
ga	100	16384	3.23542	3.043396	3.8055	3.531731	0.808795
ga	101	16384	3.41272	3.141861	4.170532	3.510216	1.264434
ga	102	16384	3.466011	3.12706	4.457806	3.537567	0.747922
ga	103	16384	4.049873	3.721222	5.122201	3.747242	1.232465
ga	104	16384	3.345757	3.131413	4.455377	3.718529	0.825207
ga	105	16384	3.283272	3.112854	4.337536	3.318785	0.812983
ga	106	16384	3.260445	3.264851	4.535005	3.677757	0.78872
ga	107	16384	3.184913	3.182781	4.008925	3.440811	0.797772
ga	108	16384	2.97612	2.905993	3.929853	3.308483	0.804883
ga	109	16384	3.141827	3.120551	4.291108	3.573784	0.840489
ga	110	16384	3.367973	3.338837	4.592384	3.522034	0.830988
ga	111	16384	3.186718	3.021687	4.098487	3.37479	0.959959
ga	112	16384	3.259087	3.175583	4.360799	3.531506	0.702342
ga	113	16384	3.512855	3.393814	4.409245	3.528849	0.70653
ga	114	16384	3.424076	3.234962	3.874393	3.277828	0.99915
ga	115	16384	3.159161	2.885704	3.874514	3.365845	1.276048
ga	116	16384	3.166161	2.93882	3.900233	3.331635	0.772349
ga	117	16384	3.22998	3.101944	4.315605	3.605042	0.683957
ga	118	16384	3.392365	3.237913	4.401346	3.592696	0.904658
ga	119	16384	3.39286	3.22493	4.485106	3.83284	0.808177
ga	120	16384	2.996475	2.997086	4.118195	3.49176	0.75382
ga	121	16384	3.392318	3.116537	4.515557	3.558977	0.814365
ga	122	16384	3.13723	3.153442	4.243214	3.492889	0.874205
ga	123	16384	3.4704	3.197247	4.584352	3.423642	1.179765
ga	124	16384	3.167467	3.055328	4.165837	3.444817	0.745427
ga	125	16384	3.536179	3.354507	4.230825	3.60791	0.995752
ga	126	16384	3.089478	2.982048	4.20937	3.487045	0.779868
ga	127	16384	3.264056	3.113892	4.005686	3.504084	0.780502
ga	128	16384	3.733656	3.430168	4.279779	3.887563	1.492914
ga	129	16384	3.22031	3.047577	4.148312	3.369019	0.601187
ga	130	16384	3.341638	3.191427	4.237831	3.399429	0.99342
ga	131	16384	4.044397	3.641441	4.590958	3.498279	0.746581
ga	132	16384	3.175152	2.990025	4.04253	3.260593	0.627285
ga	133	16384	3.519831	3.352704	4.211091	3.538402	1.011098
ga	134	16384	3.540375	3.351456	4.481047	3.788124	1.067826
ga	135	16384	3.386411	3.160412	4.363293	3.406219	0.991017
ga	136	16384	3.139778	2.95488	4.237966	3.366358	0.60256
ga	137	16384	3.398697	3.081192	4.404201	3.390198	0.868462
ga	138	16384	3.527656	3.428055	4.307214	3.613701	0.997501
ga	139	16384	3.173401	3.012375	4.209423	3.464569	0.63734
ga	140	16384	3.207127	3.134445	4.276198	3.410544	0.819083
ga	141	16384	3.260116	3.069992	4.413539	3.541899	0.926064
ga	142	16384	3.304434	3.14151	4.223431	3.472839	0.470748
ga	143	16384	3.438638	3.164902	4.267066	3.543877	0.862492
ga	144	16384	3.163776	3.075706	4.326792	3.590084	0.984986
ga	145	16384	3.180187	3.076614	4.07872	3.441986	0.751844
ga	146	16384	3.562874	3.424957	4.531977	3.66732	1.149883
ga	147	16384	3.3577	3.201904	4.611798	3.663918	1.211957
ga	148	16384	3.43115	3.355712	4.364947	3.554976	1.007582
ga	149	16384	3.184311	3.143646	4.075714	3.425674	1.003016
ga	150	16384	2.805233	2.883823	4.216986	3.144071	1.156827
ga	151	16384	3.162754	2.872917	3.712952	3.383744	0.914933
ga	152	16384	3.153534	3.026276	3.938442	3.429823	0.65069
ga	153	16384	3.223182	3.151588	4.317555	3.624344	0.569922
ga	154	16384	3.468449	3.238998	4.000391	3.410049	0.78093
ga	155	16384	3.516068	3.275536	4.021415	3.539577	0.781344
ga	156	16384	3.69152	3.111824	4.650067	3.601972	0.996161
ga	157	16384	3.298691	3.091759	4.517227	3.501038	0.859753
ga	158	16384	3.41239	3.317797	4.591099	3.494369	1.164018
ga	159	16384	3.349401	3.176334	4.247923	3.475084	0.883348
ga	160	16384	3.477254	3.011957	4.565928	3.57473	0.822066
ga	161	16384	3.368673	3.252274	4.138744	3.535309	1.016176
ga	162	16384	3.500561	3.151344	4.265446	3.429878	0.97483
ga	163	16384	3.289032	3.283905	3.868736	3.476509	0.872445
ga	164	16384	3.296917	3.076576	4.512043	3.364937	0.580406
ga	165	16384	3.962024	3.482725	5.140896	3.571227	0.680624
ga	166	16384	3.137339	2.977402	4.241997	3.456293	0.715344
ga	167	16384	3.705649	3.356236	4.570189	3.71084	0.804812
ga	168	16384	3.372496	3.110729	4.128875	3.536793	1.078106
ga	169	16384	3.303023	3.001053	3.998699	3.377838	0.883039
ga	170	16384	3.125839	3.057663	4.191624	3.543358	0.723298
ga	171	16384	3.255519	2.954178	4.054897	3.523538	0.782515
ga	172	16384	3.457255	3.295143	4.302075	3.49551	0.597806
ga	173	16384	3.393571	3.153894	3.958763	3.269138	1.119213
ga	174	16384	3.158271	2.992886	3.967314	3.387947	0.787621
ga	175	16384	3.447569	3.508583	4.338711	3.637865	0.850913
ga	176	16384	3.382787	3.026426	4.203889	3.371002	0.909961
ga	177	16384	3.410347	3.247536	4.337805	3.487793	0.927212
ga	178	16384	3.194424	3.137978	3.959841	3.508621	0.865774
ga	179	16384	2.939552	2.82045	3.785091	3.399054	0.727211
ga	180	16384	3.519988	3.184692	4.38674	3.779316	0.832244
ga	181	16384	3.369247	3.264214	4.09594	3.758734	0.90741
ga	182	16384	3.574756	3.367161	4.246179	3.464895	0.888543
ga	183	16384	2.832778	2.852084	4.231665	3.167783	0.936956
ga	184	16384	3.589621	3.424568	4.085455	3.655397	1.241695
ga	185	16384	3.09893	3.100449	4.234495	3.500675	0.698389
ga	186	16384	3.68171	3.355696	4.644755	3.784428	0.558926
ga	187	16384	3.563961	3.335159	4.390707	3.542255	0.718849
ga	188	16384	3.694989	3.453173	4.676283	3.614441	1.054871
ga	189	16384	4.780823	3.528238	5.273779	3.469629	0.983207
ga	190	16384	3.762469	3.27626	4.190184	3.300186	0.924852
ga	191	16384	3.1092	3.096962	4.264135	3.402848	1.029643
ga	192	16384	3.01401	2.949099	3.956776	3.474146	1.320384
ga	193	16384	3.449094	3.275784	4.18043	3.54768	0.824617
ga	194	16384	3.043357	2.920867	3.657787	3.109772	1.096103
ga	195	16384	3.574314	3.431549	4.552105	3.698669	0.79727
ga	196	16384	3.327921	2.921822	4.383481	3.538681	0.828109
ga	197	16384	3.62619	3.365479	4.20841	3.663185	0.786549
ga	198	16384	3.369292	3.196991	4.523788	3.472016	1.113115
ga	199	16384	3.329335	3.126347	4.177208	3.454521	0.956832
prose	0	8192	1.066067	1.517327	2.794232	1.854872	3.733363
prose	1	8192	1.03133	1.527174	2.705408	1.368241	3.118946
prose	2	8192	1.083887	1.447248	2.225032	1.703963	3.273663
prose	3	8192	0.848284	1.184364	2.180315	1.386533	3.170039
prose	4	8192	0.660324	1.053088	1.840361	1.257979	3.232031
prose	5	8192	0.738777	1.679314	2.228511	1.943354	3.59459
prose	6	8192	0.982838	1.543209	2.569814	1.813987	3.474974
prose	7	8192	0.886862	1.185602	1.939642	1.442037	3.152896
prose	8	8192	1.293497	1.642403	2.608744	1.887836	3.617217
prose	9	8192	0.81768	1.733601	2.677212	1.896346	3.374423
prose	10	8192	0.85541	1.032034	1.856253	1.104859	2.870155
prose	11	8192	1.029657	1.417301	2.351666	1.708909	3.413925
prose	12	8192	1.198633	1.899057	3.03031	2.02841	3.159293
prose	13	8192	1.082021	1.325945	2.221095	1.532012	3.313176
prose	14	8192	0.948006	1.081957	1.962175	1.354909	3.295328
prose	15	8192	1.07272	1.341836	2.364691	1.558148	3.368731
prose	16	8192	0.979319	1.238568	2.419634	1.648242	3.427254
prose	17	8192	1.017417	1.539548	2.56037	1.747526	3.287314
prose	18	8192	0.794251	1.056235	1.685064	0.91693	2.483731
prose	19	8192	1.15907	1.691544	2.703775	1.92326	3.396596
prose	20	8192	0.472905	1.433255	2.367483	1.891144	3.733232
prose	21	8192	1.079583	1.458195	2.561596	1.596579	3.331337
prose	22	8192	1.10805	1.591282	2.476314	1.618912	3.141449
prose	23	8192	0.906109	1.115046	1.800899	1.180216	3.030462
prose	24	8192	0.915018	1.540308	2.78806	1.88318	3.554837
prose	25	8192	1.280048	2.036234	3.123921	2.202696	3.602546
prose	26	8192	0.793508	2.448335	3.897933	2.748843	4.126419
prose	27	8192	0.808564	1.096298	2.007044	1.24526	3.211608
prose	28	8192	0.755633	1.831413	2.808775	2.168668	3.938731
prose	29	8192	0.80969	1.269461	2.077752	1.372787	3.374387
prose	30	8192	1.002318	1.267786	2.337526	1.844929	3.582493
prose	31	8192	0.759531	1.267709	2.174438	1.489831	3.211588
prose	32	8192	1.327193	2.003495	2.965278	2.16025	3.52423
prose	33	8192	0.975769	1.375542	2.123276	1.50075	3.281016
prose	34	8192	0.776095	1.923095	3.138236	2.449233	3.889059
prose	35	8192	1.426976	2.138037	2.802595	2.36343	3.725522
prose	36	8192	0.915881	1.313185	2.064257	1.42219	3.238134
prose	37	8192	0.965473	1.599335	2.439892	1.740772	3.308829
prose	38	8192	1.040054	1.333517	2.307824	1.560558	3.440547
prose	39	8192	0.825455	1.350924	2.271017	1.408961	3.115766
prose	40	8192	1.844379	2.230166	3.271995	2.682592	3.947887
prose	41	8192	1.026142	1.431939	2.285177	1.572045	3.309871
prose	42	8192	0.897074	1.273712	2.136115	1.479817	3.356428
prose	43	8192	1.001926	1.465577	2.270462	1.634413	3.380967
prose	44	8192	0.996499	1.287708	2.309133	1.531778	3.263788
prose	45	8192	0.860056	1.310961	2.289092	1.516076	3.280739
prose	46	8192	0.932208	1.329547	2.025365	1.105331	3.185814
prose	47	8192	1.02601	1.146943	1.982897	1.326753	3.253122
prose	48	8192	0.769117	1.09098	1.825041	1.237309	3.085871
prose	49	8192	0.825209	1.108098	1.949589	1.363544	2.727437
prose	50	8192	0.849364	1.432476	2.400537	1.789274	3.751377
prose	51	8192	1.103761	1.505854	2.082097	1.783956	3.167047
prose	52	8192	1.081822	1.278051	1.962885	1.385584	3.393648
prose	53	8192	0.981126	1.465304	2.740505	1.578289	3.363409
prose	54	8192	1.36755	1.743773	2.624511	2.051004	3.804715
prose	55	8192	0.842016	1.527656	2.658022	1.741542	3.380649
prose	56	8192	1.125585	1.514694	2.332917	1.712205	3.381381
prose	57	8192	0.986187	1.221801	2.260108	1.357643	3.240133
prose	58	8192	0.936416	1.673297	2.308588	1.773253	3.447665
prose	59	8192	0.975503	1.192623	1.925779	1.208945	2.969899
prose	60	8192	1.076947	1.406456	2.282359	1.447995	3.161967
prose	61	8192	0.811155	1.218644	1.862278	1.316959	3.028566
prose	62	8192	1.479315	1.539248	2.472986	1.850265	3.284636
prose	63	8192	1.019675	1.473771	2.494306	1.734532	3.494794
prose	64	8192	1.055152	1.484182	2.364895	1.635571	3.397014
prose	65	8192	0.715511	1.108384	2.359697	1.415082	3.10091
prose	66	8192	1.091236	1.519602	2.613088	1.587236	3.327226
prose	67	8192	1.26094	1.875084	2.729816	2.069225	3.823864
prose	68	8192	1.206544	1.864962	2.801756	2.018783	3.171305
prose	69	8192	0.845447	1.21365	1.924794	1.424556	3.367703
prose	70	8192	0.915913	1.497516	2.231276	1.712474	3.518869
prose	71	8192	0.832717	1.662255	2.803816	1.946859	3.643866
prose	72	8192	1.033068	1.409336	2.54135	1.620375	3.075871
prose	73	8192	1.02297	1.522661	2.504927	1.739725	3.43054
prose	74	8192	0.772696	1.088642	1.97266	1.241468	2.93608
prose	75	8192	0.94023	1.351326	2.044703	1.51025	3.199542
prose	76	8192	1.018852	1.502676	2.475252	1.859939	3.491192
prose	77	8192	1.267339	1.851959	2.669979	1.966319	3.279608
prose	78	8192	1.199356	1.825218	2.696873	2.005352	3.536253
prose	79	8192	0.957007	1.488417	2.690019	1.94963	3.137875
prose	80	8192	1.328461	1.665817	2.635907	2.011003	3.335803
prose	81	8192	0.918996	2.34829	3.359466	2.633574	3.936414
prose	82	8192	0.974189	1.366564	2.346847	1.57936	3.113497
prose	83	8192	1.238463	1.642186	2.721006	1.756272	3.602006
prose	84	8192	0.962661	1.68969	2.80592	1.903376	3.341345
prose	85	8192	0.877821	1.514172	2.47821	1.772885	3.140081
prose	86	8192	0.828326	1.209763	2.161856	1.359578	3.13118
prose	87	8192	0.975611	1.711189	2.949759	1.638851	3.281957
prose	88	8192	0.823478	1.183008	2.028174	1.299636	2.848089
prose	89	8192	1.097739	1.62677	2.787122	1.836954	3.537973
prose	90	8192	0.955551	1.336572	2.201346	1.585353	3.239741
prose	91	8192	0.715111	2.536405	4.052285	3.431834	4.403597
prose	92	8192	1.115938	1.333788	2.037626	1.66985	3.253409
prose	93	8192	1.062107	1.339462	2.14688	1.517945	3.31391
prose	94	8192	0.945187	1.333157	2.028736	1.420118	3.056012
prose	95	8192	1.032336	1.732269	2.770905	1.9438	3.479769
prose	96	8192	1.139645	1.626303	2.66534	1.963119	3.414932
prose	97	8192	0.875318	1.135101	1.862606	1.280067	3.133508
prose	98	8192	0.989035	1.349898	2.171183	1.496579	3.165285
prose	99	8192	0.922317	1.543652	2.453185	1.956617	3.575187
prose	100	8192	1.192263	1.610709	2.337851	1.860705	3.40851
prose	101	8192	0.907812	1.329725	2.300545	1.404504	3.307481
prose	102	8192	0.949012	1.28603	2.253244	1.454067	3.256759
prose	103	8192	0.92666	1.657367	2.413436	1.712405	3.388682
prose	104	8192	1.074628	1.318424	2.072167	1.431267	3.497375
prose	105	8192	0.881642	1.529836	2.441592	1.696055	3.398866
prose	106	8192	1.068116	1.305039	2.08467	1.430264	3.206084
prose	107	8192	1.042468	1.4019	2.293976	1.559987	3.510415
prose	108	8192	0.869964	1.264191	2.180912	1.462427	3.290983
prose	109	8192	1.077268	1.952761	3.00875	2.304601	3.798286
prose	110	8192	0.962139	1.505255	2.525522	1.58739	3.155384
prose	111	8192	0.805581	1.167645	1.933856	1.479275	3.310785
prose	112	8192	1.039162	1.231737	1.995743	1.313754	3.058911
prose	113	8192	0.952276	1.532998	2.564333	1.84095	3.343651
prose	114	8192	0.824379	1.031475	1.868792	1.334339	2.915309
prose	115	8192	0.963037	1.321254	1.977794	1.412354	3.294903
prose	116	8192	0.925548	1.478571	2.434412	1.766292	3.676623
prose	117	8192	1.230367	1.999784	3.163829	2.229534	3.603189
prose	118	8192	1.061568	1.406551	2.289883	1.726175	3.25447
prose	119	8192	0.619187	1.249527	2.503361	1.503208	3.085255
prose	120	8192	1.070716	1.384174	2.143021	1.716957	3.364796
prose	121	8192	0.854994	1.277663	2.202961	1.453161	3.16606
prose	122	8192	1.127096	1.466471	2.282203	1.858177	3.276278
prose	123	8192	1.167628	1.709613	3.0002	2.134627	3.563586
prose	124	8192	1.054193	1.418979	2.181736	1.607055	3.439727
prose	125	8192	1.044399	1.482448	2.206651	1.607462	3.226706
prose	126	8192	0.645081	0.954191	1.715317	1.144306	3.221074
prose	127	8192	1.035519	1.542433	2.419424	1.709874	3.4656
prose	128	8192	0.865917	1.378696	2.32752	1.632833	3.401451
prose	129	8192	0.997563	1.230483	1.827514	1.441932	2.900143
prose	130	8192	1.20289	1.706786	2.551589	1.940984	3.770863
prose	131	8192	1.138543	1.32519	2.441	1.572072	3.132033
prose	132	8192	0.85126	1.172044	2.326816	1.521397	3.398981
prose	133	8192	0.840834	1.474962	2.410197	1.757862	3.564671
prose	134	8192	0.965517	1.534173	2.210711	1.771401	3.480228
prose	135	8192	0.962946	1.301902	1.969314	1.522151	3.046098
prose	136	8192	0.978502	1.330053	1.956187	1.460962	3.251376
prose	137	8192	0.827235	1.264755	2.26296	1.628568	3.181224
prose	138	8192	0.859005	1.413043	2.736844	1.900983	3.63077
prose	139	8192	1.112444	1.640125	2.491833	1.855951	3.470554
prose	140	8192	1.063402	1.251866	2.023237	1.396397	3.049089
prose	141	8192	0.703624	1.558268	2.31113	1.644558	3.520576
prose	142	8192	0.613195	1.154913	2.226229	1.452022	3.587075
prose	143	8192	1.028191	1.490927	2.406504	1.736284	3.549046
prose	144	8192	1.050203	1.300645	2.280017	1.472668	3.089647
prose	145	8192	0.790968	0.95126	1.581831	1.163258	3.002302
prose	146	8192	0.940124	1.564211	2.577628	1.570606	3.486876
prose	147	8192	0.701372	1.952547	2.980189	2.373448	3.829576
prose	148	8192	0.957413	1.278776	2.086159	1.41117	3.166071
prose	149	8192	0.985072	1.617917	2.351756	1.94037	3.732098
prose	150	8192	0.89013	1.471691	2.422762	1.595225	3.289493
prose	151	8192	0.996988	1.392428	2.51088	1.784591	3.274678
prose	152	8192	0.999289	1.379521	2.514784	1.728234	3.450392
prose	153	8192	1.372545	1.980233	3.080018	2.335857	3.943606
prose	154	8192	0.819149	1.032237	1.822582	1.149074	3.280523
prose	155	8192	1.164497	1.573698	2.267218	1.923537	3.532621
prose	156	8192	0.955002	1.611402	2.730125	1.900096	3.589604
prose	157	8192	0.95447	1.340376	2.385168	1.402704	3.104102
prose	158	8192	0.844729	2.085114	2.621284	2.163198	3.48276
prose	159	8192	0.965019	1.713174	2.546632	1.99846	3.374939
prose	160	8192	0.99634	1.945025	2.740313	2.372046	3.826689
prose	161	8192	1.020204	1.423147	2.305007	1.673118	3.443693
prose	162	8192	1.280789	1.469323	2.048496	1.580391	3.22348
prose	163	8192	1.264525	1.387119	2.34645	1.522434	3.013169
prose	164	8192	0.956399	1.484568	2.54166	1.513368	3.416265
prose	165	8192	1.004658	1.347419	2.557507	1.413867	3.045357
prose	166	8192	1.037314	2.160999	2.955098	2.497591	3.949769
prose	167	8192	1.122974	1.581676	2.373802	1.575258	3.489204
prose	168	8192	1.180721	1.59103	2.200987	1.585891	3.235181
prose	169	8192	1.112956	1.382456	2.295681	1.539451	3.529317
prose	170	8192	1.10217	1.652977	2.634841	2.049865	3.504922
prose	171	8192	0.881469	1.42393	2.484524	1.689948	3.169815
prose	172	8192	0.9645	1.411635	2.202038	1.569947	3.110273
prose	173	8192	1.05552	1.445877	2.447625	1.709833	3.398188
prose	174	8192	0.783762	1.309193	2.086193	1.607792	3.157599
prose	175	8192	0.843486	1.271544	1.982376	1.493034	3.364288
prose	176	8192	0.943702	1.415774	1.928375	1.415002	3.232054
prose	177	8192	1.312225	1.689794	3.104277	2.113053	3.821719
prose	178	8192	1.238171	1.714464	2.552824	1.875526	3.411862
prose	179	8192	0.78298	1.16277	1.991913	1.394684	2.983708
prose	180	8192	1.145995	1.562384	2.348363	1.847859	3.331154
prose	181	8192	0.959495	1.490366	2.163573	1.644835	3.420949
prose	182	8192	0.850401	1.304273	2.237773	1.523079	3.138927
prose	183	8192	1.112804	1.375278	2.390414	1.551875	3.108049
prose	184	8192	0.955257	1.41615	2.336129	1.634403	3.312997
prose	185	8192	1.065279	1.405689	2.361228	1.757873	3.253281
prose	186	8192	0.806893	1.156749	1.661781	1.428618	3.236876
prose	187	8192	0.919285	1.26457	1.908566	1.497588	3.219477
prose	188	8192	1.23853	1.652298	2.655421	1.847807	3.615103
prose	189	8192	1.13377	1.712822	3.083792	2.124777	3.387778
prose	190	8192	1.078986	1.57566	2.630785	2.036824	3.651184
prose	191	8192	1.001579	2.164359	3.635157	2.871546	4.525835
prose	192	8192	1.415569	1.809892	2.900679	2.115439	3.695923
prose	193	8192	1.070639	1.389312	2.292558	1.656829	3.278001
prose	194	8192	0.68692	1.116489	1.901296	1.31795	3.136139
prose	195	8192	0.878728	1.380461	2.158072	1.458467	3.094718
prose	196	8192	0.734901	2.165632	3.040854	2.360232	4.07371
prose	197	8192	1.060195	1.813766	2.809528	2.205714	3.817556
prose	198	8192	0.943868	1.533222	2.423032	1.572836	3.3255
prose	199	8192	0.96825	1.572747	2.483527	1.887411	3.459825
